[
  { "country": "India", "cities": ["Nagpur", "Mumbai", "Delhi", "Bangalore", "Chennai", "Kolkata", "Hyderabad", "Pune"] },
  { "country": "United Kingdom", "cities": ["London", "Manchester", "Birmingham", "Leeds", "Liverpool", "Bristol", "Edinburgh", "Glasgow"] },
  { "country": "United States of America", "cities": ["New York", "Los Angeles", "Chicago", "Houston", "Phoenix", "Philadelphia", "San Antonio", "San Francisco"] },
  { "country": "Canada", "cities": ["Toronto", "Vancouver", "Montreal", "Calgary", "Ottawa", "Edmonton", "Winnipeg", "Quebec City"] },
  { "country": "Australia", "cities": ["Sydney", "Melbourne", "Brisbane", "Perth", "Adelaide", "Gold Coast", "Newcastle", "Canberra"] },
  { "country": "Germany", "cities": ["Berlin", "Munich", "Hamburg", "Cologne", "Frankfurt", "Stuttgart", "Düsseldorf", "Leipzig"] },
  { "country": "France", "cities": ["Paris", "Lyon", "Marseille", "Toulouse", "Nice", "Nantes", "Strasbourg", "Bordeaux"] },
  { "country": "Japan", "cities": ["Tokyo", "Osaka", "Kyoto", "Yokohama", "Nagoya", "Sapporo", "Kobe", "Fukuoka"] },
  { "country": "Brazil", "cities": ["São Paulo", "Rio de Janeiro", "Brasília", "Salvador", "Fortaleza", "Belo Horizonte", "Curitiba", "Recife"] },
  { "country": "Spain", "cities": ["Madrid", "Barcelona", "Valencia", "Seville", "Zaragoza", "Málaga", "Murcia", "Palma"] },
  { "country": "Italy", "cities": ["Rome", "Milan", "Naples", "Turin", "Palermo", "Genoa", "Bologna", "Florence"] },
  { "country": "Mexico", "cities": ["Mexico City", "Guadalajara", "Monterrey", "Puebla", "Tijuana", "León", "Juárez", "Cancún"] },
  { "country": "South Africa", "cities": ["Johannesburg", "Cape Town", "Durban", "Pretoria", "Port Elizabeth", "Bloemfontein", "East London", "Pietermaritzburg"] },
  { "country": "United Arab Emirates", "cities": ["Dubai", "Abu Dhabi", "Sharjah", "Ajman", "Ras Al Khaimah", "Fujairah", "Umm Al Quwain"] },
  { "country": "Singapore", "cities": ["Singapore"] },
  { "country": "Netherlands", "cities": ["Amsterdam", "Rotterdam", "The Hague", "Utrecht", "Eindhoven", "Groningen", "Tilburg", "Almere"] }
]
